run_id,scenario,keygen_time_ms,exchange_time_ms,total_time_ms,shared_secret_match
1,standard_dh,4.746,4.0576,8.8036,True
2,standard_dh,4.9186,4.8872,9.8058,True
3,standard_dh,5.0214,4.0436,9.065,True
4,standard_dh,4.8037,4.9805,9.7842,True
5,standard_dh,4.3302,4.0427,8.3729,True
6,standard_dh,4.3727,4.8145,9.1872,True
7,standard_dh,4.4432,4.0429,8.4861,True
8,standard_dh,5.2212,4.692,9.9132,True
9,standard_dh,4.4798,4.057,8.5368,True
10,standard_dh,5.2978,4.4024,9.700199999999999,True
11,standard_dh,4.3098,4.2304,8.5402,True
12,standard_dh,4.9156,4.546,9.4616,True
13,standard_dh,4.444,4.7856,9.2296,True
14,standard_dh,5.0188,4.0529,9.0717,True
15,standard_dh,4.6868,4.6757,9.3625,True
16,standard_dh,4.2941,4.0429,8.337,True
17,standard_dh,5.2373,4.457,9.6943,True
18,standard_dh,4.2861,4.0382,8.324300000000001,True
19,standard_dh,4.9323,4.3385,9.2708,True
20,standard_dh,4.3734,4.2156,8.589,True
21,standard_dh,5.1469,4.2957,9.442599999999999,True
22,standard_dh,4.5171,5.3372,9.8543,True
23,standard_dh,4.327,4.0512,8.3782,True
24,standard_dh,4.6281,4.7456,9.3737,True
25,standard_dh,4.2805,4.0409,8.3214,True
26,standard_dh,4.9965,4.5152,9.511700000000001,True
27,standard_dh,4.2791,4.0394,8.3185,True
28,standard_dh,5.2231,4.4862,9.709299999999999,True
29,standard_dh,4.2815,4.2099,8.4914,True
30,standard_dh,4.9069,4.3257,9.232600000000001,True
31,standard_dh,4.5376,4.7484,9.286000000000001,True
32,standard_dh,4.4612,4.4054,8.8666,True
33,standard_dh,4.811,4.8321,9.6431,True
34,standard_dh,4.3722,4.0423,8.4145,True
35,standard_dh,4.9871,4.5363,9.523399999999999,True
36,standard_dh,4.2884,4.0371,8.3255,True
37,standard_dh,5.2421,4.3432,9.5853,True
38,standard_dh,4.2916,4.4094,8.701,True
39,standard_dh,4.8888,4.4575,9.3463,True
40,standard_dh,4.5073,4.7277,9.235,True
41,standard_dh,4.2825,4.0403,8.3228,True
42,standard_dh,4.7097,4.6609,9.3706,True
43,standard_dh,4.255,4.0487,8.3037,True
44,standard_dh,5.0334,4.4322,9.4656,True
45,standard_dh,4.2889,4.0353,8.324200000000001,True
46,standard_dh,5.1105,4.346,9.4565,True
47,standard_dh,4.3473,4.0879,8.4352,True
48,standard_dh,5.7936,4.5363,10.329899999999999,True
49,standard_dh,4.3093,4.7136,9.0229,True
50,standard_dh,4.5747,4.1554,8.7301,True
